{
  "country": "ch",
  "name": "Schweiz",
  "years": {
    "2025": [
      { "date": "2025-01-01", "name": "Neujahr", "type": "public", "states": ["all"] },
      { "date": "2025-01-02", "name": "Berchtoldstag", "type": "public", "states": ["AG", "BE", "FR", "GL", "JU", "LU", "NE", "OW", "SH", "SO", "TG", "VD", "ZG", "ZH"] },
      { "date": "2025-01-06", "name": "Heilige Drei Könige", "type": "public", "states": ["SZ", "TI", "UR"] },
      { "date": "2025-03-19", "name": "Josefstag", "type": "public", "states": ["NW", "SZ", "TI", "UR", "VS"] },
      { "date": "2025-04-18", "name": "Karfreitag", "type": "public", "states": ["AG", "AI", "AR", "BE", "BL", "BS", "FR", "GE", "GL", "GR", "JU", "LU", "NE", "NW", "OW", "SG", "SH", "SO", "TG", "VD", "ZG", "ZH"] },
      { "date": "2025-04-21", "name": "Ostermontag", "type": "public", "states": ["all"] },
      { "date": "2025-05-01", "name": "Tag der Arbeit", "type": "public", "states": ["AG", "BL", "BS", "JU", "NE", "SH", "SO", "TG", "TI", "ZH"] },
      { "date": "2025-05-29", "name": "Auffahrt", "type": "public", "states": ["all"] },
      { "date": "2025-06-09", "name": "Pfingstmontag", "type": "public", "states": ["all"] },
      { "date": "2025-06-19", "name": "Fronleichnam", "type": "public", "states": ["AI", "JU", "LU", "NW", "OW", "SZ", "TI", "UR", "VS", "ZG"] },
      { "date": "2025-08-01", "name": "Bundesfeier", "type": "public", "states": ["all"] },
      { "date": "2025-08-15", "name": "Mariä Himmelfahrt", "type": "public", "states": ["AI", "JU", "LU", "NW", "OW", "SZ", "TI", "UR", "VS", "ZG"] },
      { "date": "2025-11-01", "name": "Allerheiligen", "type": "public", "states": ["AI", "GL", "JU", "LU", "NW", "OW", "SG", "SZ", "TI", "UR", "VS", "ZG"] },
      { "date": "2025-12-08", "name": "Mariä Empfängnis", "type": "public", "states": ["AI", "LU", "NW", "OW", "SZ", "TI", "UR", "VS", "ZG"] },
      { "date": "2025-12-25", "name": "Weihnachten", "type": "public", "states": ["all"] },
      { "date": "2025-12-26", "name": "Stephanstag", "type": "public", "states": ["AG", "AI", "AR", "BE", "BL", "BS", "FR", "GL", "GR", "LU", "NE", "NW", "OW", "SG", "SH", "SZ", "TG", "TI", "UR", "ZG", "ZH"] }
    ],
    "2026": [
      { "date": "2026-01-01", "name": "Neujahr", "type": "public", "states": ["all"] },
      { "date": "2026-01-02", "name": "Berchtoldstag", "type": "public", "states": ["AG", "BE", "FR", "GL", "JU", "LU", "NE", "OW", "SH", "SO", "TG", "VD", "ZG", "ZH"] },
      { "date": "2026-01-06", "name": "Heilige Drei Könige", "type": "public", "states": ["SZ", "TI", "UR"] },
      { "date": "2026-03-19", "name": "Josefstag", "type": "public", "states": ["NW", "SZ", "TI", "UR", "VS"] },
      { "date": "2026-04-03", "name": "Karfreitag", "type": "public", "states": ["AG", "AI", "AR", "BE", "BL", "BS", "FR", "GE", "GL", "GR", "JU", "LU", "NE", "NW", "OW", "SG", "SH", "SO", "TG", "VD", "ZG", "ZH"] },
      { "date": "2026-04-06", "name": "Ostermontag", "type": "public", "states": ["all"] },
      { "date": "2026-05-01", "name": "Tag der Arbeit", "type": "public", "states": ["AG", "BL", "BS", "JU", "NE", "SH", "SO", "TG", "TI", "ZH"] },
      { "date": "2026-05-14", "name": "Auffahrt", "type": "public", "states": ["all"] },
      { "date": "2026-05-25", "name": "Pfingstmontag", "type": "public", "states": ["all"] },
      { "date": "2026-06-04", "name": "Fronleichnam", "type": "public", "states": ["AI", "JU", "LU", "NW", "OW", "SZ", "TI", "UR", "VS", "ZG"] },
      { "date": "2026-08-01", "name": "Bundesfeier", "type": "public", "states": ["all"] },
      { "date": "2026-08-15", "name": "Mariä Himmelfahrt", "type": "public", "states": ["AI", "JU", "LU", "NW", "OW", "SZ", "TI", "UR", "VS", "ZG"] },
      { "date": "2026-11-01", "name": "Allerheiligen", "type": "public", "states": ["AI", "GL", "JU", "LU", "NW", "OW", "SG", "SZ", "TI", "UR", "VS", "ZG"] },
      { "date": "2026-12-08", "name": "Mariä Empfängnis", "type": "public", "states": ["AI", "LU", "NW", "OW", "SZ", "TI", "UR", "VS", "ZG"] },
      { "date": "2026-12-25", "name": "Weihnachten", "type": "public", "states": ["all"] },
      { "date": "2026-12-26", "name": "Stephanstag", "type": "public", "states": ["AG", "AI", "AR", "BE", "BL", "BS", "FR", "GL", "GR", "LU", "NE", "NW", "OW", "SG", "SH", "SZ", "TG", "TI", "UR", "ZG", "ZH"] }
    ]
  },
  "states": {
    "AG": "Aargau",
    "AI": "Appenzell Innerrhoden",
    "AR": "Appenzell Ausserrhoden",
    "BE": "Bern",
    "BL": "Basel-Landschaft",
    "BS": "Basel-Stadt",
    "FR": "Freiburg",
    "GE": "Genf",
    "GL": "Glarus",
    "GR": "Graubünden",
    "JU": "Jura",
    "LU": "Luzern",
    "NE": "Neuenburg",
    "NW": "Nidwalden",
    "OW": "Obwalden",
    "SG": "St. Gallen",
    "SH": "Schaffhausen",
    "SO": "Solothurn",
    "SZ": "Schwyz",
    "TG": "Thurgau",
    "TI": "Tessin",
    "UR": "Uri",
    "VD": "Waadt",
    "VS": "Wallis",
    "ZG": "Zug",
    "ZH": "Zürich"
  }
}
