{
  "country": "de",
  "name": "Deutschland",
  "years": {
    "2025": [
      { "date": "2025-01-01", "name": "Neujahr", "type": "public", "states": ["all"] },
      { "date": "2025-01-06", "name": "Heilige Drei Könige", "type": "public", "states": ["BW", "BY", "ST"] },
      { "date": "2025-03-08", "name": "Internationaler Frauentag", "type": "public", "states": ["BE", "MV"] },
      { "date": "2025-04-18", "name": "Karfreitag", "type": "public", "states": ["all"] },
      { "date": "2025-04-21", "name": "Ostermontag", "type": "public", "states": ["all"] },
      { "date": "2025-05-01", "name": "Tag der Arbeit", "type": "public", "states": ["all"] },
      { "date": "2025-05-29", "name": "Christi Himmelfahrt", "type": "public", "states": ["all"] },
      { "date": "2025-06-09", "name": "Pfingstmontag", "type": "public", "states": ["all"] },
      { "date": "2025-06-19", "name": "Fronleichnam", "type": "public", "states": ["BW", "BY", "HE", "NW", "RP", "SL"] },
      { "date": "2025-08-08", "name": "Augsburger Friedensfest", "type": "public", "states": ["BY-A"] },
      { "date": "2025-08-15", "name": "Mariä Himmelfahrt", "type": "public", "states": ["BY", "SL"] },
      { "date": "2025-09-20", "name": "Weltkindertag", "type": "public", "states": ["TH"] },
      { "date": "2025-10-03", "name": "Tag der Deutschen Einheit", "type": "public", "states": ["all"] },
      { "date": "2025-10-31", "name": "Reformationstag", "type": "public", "states": ["BB", "HB", "HH", "MV", "NI", "SN", "ST", "SH", "TH"] },
      { "date": "2025-11-01", "name": "Allerheiligen", "type": "public", "states": ["BW", "BY", "NW", "RP", "SL"] },
      { "date": "2025-11-19", "name": "Buß- und Bettag", "type": "public", "states": ["SN"] },
      { "date": "2025-12-25", "name": "1. Weihnachtsfeiertag", "type": "public", "states": ["all"] },
      { "date": "2025-12-26", "name": "2. Weihnachtsfeiertag", "type": "public", "states": ["all"] }
    ],
    "2026": [
      { "date": "2026-01-01", "name": "Neujahr", "type": "public", "states": ["all"] },
      { "date": "2026-01-06", "name": "Heilige Drei Könige", "type": "public", "states": ["BW", "BY", "ST"] },
      { "date": "2026-03-08", "name": "Internationaler Frauentag", "type": "public", "states": ["BE", "MV"] },
      { "date": "2026-04-03", "name": "Karfreitag", "type": "public", "states": ["all"] },
      { "date": "2026-04-06", "name": "Ostermontag", "type": "public", "states": ["all"] },
      { "date": "2026-05-01", "name": "Tag der Arbeit", "type": "public", "states": ["all"] },
      { "date": "2026-05-14", "name": "Christi Himmelfahrt", "type": "public", "states": ["all"] },
      { "date": "2026-05-25", "name": "Pfingstmontag", "type": "public", "states": ["all"] },
      { "date": "2026-06-04", "name": "Fronleichnam", "type": "public", "states": ["BW", "BY", "HE", "NW", "RP", "SL"] },
      { "date": "2026-08-08", "name": "Augsburger Friedensfest", "type": "public", "states": ["BY-A"] },
      { "date": "2026-08-15", "name": "Mariä Himmelfahrt", "type": "public", "states": ["BY", "SL"] },
      { "date": "2026-09-20", "name": "Weltkindertag", "type": "public", "states": ["TH"] },
      { "date": "2026-10-03", "name": "Tag der Deutschen Einheit", "type": "public", "states": ["all"] },
      { "date": "2026-10-31", "name": "Reformationstag", "type": "public", "states": ["BB", "HB", "HH", "MV", "NI", "SN", "ST", "SH", "TH"] },
      { "date": "2026-11-01", "name": "Allerheiligen", "type": "public", "states": ["BW", "BY", "NW", "RP", "SL"] },
      { "date": "2026-11-18", "name": "Buß- und Bettag", "type": "public", "states": ["SN"] },
      { "date": "2026-12-25", "name": "1. Weihnachtsfeiertag", "type": "public", "states": ["all"] },
      { "date": "2026-12-26", "name": "2. Weihnachtsfeiertag", "type": "public", "states": ["all"] }
    ]
  },
  "states": {
    "BW": "Baden-Württemberg",
    "BY": "Bayern",
    "BE": "Berlin",
    "BB": "Brandenburg",
    "HB": "Bremen",
    "HH": "Hamburg",
    "HE": "Hessen",
    "MV": "Mecklenburg-Vorpommern",
    "NI": "Niedersachsen",
    "NW": "Nordrhein-Westfalen",
    "RP": "Rheinland-Pfalz",
    "SL": "Saarland",
    "SN": "Sachsen",
    "ST": "Sachsen-Anhalt",
    "SH": "Schleswig-Holstein",
    "TH": "Thüringen"
  }
}
